asset_id,filename,file_id,profile_name,image_path,attr_decking_material,attr_fall_height,attr_has_edge_guard,attr_has_pedestrian_railing,attr_length,attr_structure_material,attr_width,length_bin,width_bin,fall_height_bin
81881,AST_IM_20210627_113032.jpeg,2851,Boardwalk > 1.2m High,data/citywide/images/573/81881/2851__AST_IM_20210627_113032.jpeg,Timber,,No,No railings,,Timber,1.5,,wide (>1.5m),
89766,AST_IM_20210921_151858.jpeg,22924,Boardwalk > 1.2m High,data/citywide/images/573/89766/22924__AST_IM_20210921_151858.jpeg,Timber,,,No railings,18.7,Timber,1.07,medium (10-30m),standard (0.9-1.5m),
89766,AST_IM_20210921_151921.jpeg,22925,Boardwalk > 1.2m High,data/citywide/images/573/89766/22925__AST_IM_20210921_151921.jpeg,Timber,,,No railings,18.7,Timber,1.07,medium (10-30m),standard (0.9-1.5m),
89766,AST_IM_20210921_151839.jpeg,22927,Boardwalk > 1.2m High,data/citywide/images/573/89766/22927__AST_IM_20210921_151839.jpeg,Timber,,,No railings,18.7,Timber,1.07,medium (10-30m),standard (0.9-1.5m),
89766,AST_IM_20210921_151821.jpeg,22931,Boardwalk > 1.2m High,data/citywide/images/573/89766/22931__AST_IM_20210921_151821.jpeg,Timber,,,No railings,18.7,Timber,1.07,medium (10-30m),standard (0.9-1.5m),
89766,AST_IM_20210921_151516.jpeg,22932,Boardwalk > 1.2m High,data/citywide/images/573/89766/22932__AST_IM_20210921_151516.jpeg,Timber,,,No railings,18.7,Timber,1.07,medium (10-30m),standard (0.9-1.5m),
90486,AST_IM_20210922_125304.jpeg,23937,Boardwalk > 1.2m High,data/citywide/images/573/90486/23937__AST_IM_20210922_125304.jpeg,Timber,,No,No railings,100.0,Timber,1.07,long (>30m),standard (0.9-1.5m),
92846,AST_IM_20211022_155246.jpeg,29442,Boardwalk > 1.2m High,data/citywide/images/573/92846/29442__AST_IM_20211022_155246.jpeg,Timber,,No,No railings,49.0,Timber,1.0,long (>30m),standard (0.9-1.5m),
92846,AST_IM_20211022_155226.jpeg,29443,Boardwalk > 1.2m High,data/citywide/images/573/92846/29443__AST_IM_20211022_155226.jpeg,Timber,,No,No railings,49.0,Timber,1.0,long (>30m),standard (0.9-1.5m),
92846,AST_IM_20211022_155214.jpeg,29444,Boardwalk > 1.2m High,data/citywide/images/573/92846/29444__AST_IM_20211022_155214.jpeg,Timber,,No,No railings,49.0,Timber,1.0,long (>30m),standard (0.9-1.5m),
92846,AST_EX_20221114_140509.jpeg,64069,Boardwalk > 1.2m High,data/citywide/images/573/92846/64069__AST_EX_20221114_140509.jpeg,Timber,,No,No railings,49.0,Timber,1.0,long (>30m),standard (0.9-1.5m),
96855,emily lake.jpg,36704,Boardwalk > 1.2m High,data/citywide/images/573/96855/36704__emily_lake.jpg,,,,,50.0,,,long (>30m),,
100338,AST_IM_20220601_131343.jpeg,44035,Boardwalk > 1.2m High,data/citywide/images/573/100338/44035__AST_IM_20220601_131343.jpeg,Timber,,Yes,,14.0,Steel,1.5,medium (10-30m),wide (>1.5m),
100338,AST_IM_20220601_131329.jpeg,44037,Boardwalk > 1.2m High,data/citywide/images/573/100338/44037__AST_IM_20220601_131329.jpeg,Timber,,Yes,,14.0,Steel,1.5,medium (10-30m),wide (>1.5m),
100342,AST_EX_20250617_122011.jpeg,83594,Boardwalk > 1.2m High,data/citywide/images/573/100342/83594__AST_EX_20250617_122011.jpeg,Timber,,No,,12.0,Timber,1.25,medium (10-30m),standard (0.9-1.5m),
100342,AST_EX_20250617_121751.jpeg,83595,Boardwalk > 1.2m High,data/citywide/images/573/100342/83595__AST_EX_20250617_121751.jpeg,Timber,,No,,12.0,Timber,1.25,medium (10-30m),standard (0.9-1.5m),
100342,AST_EX_20250617_121927.jpeg,83596,Boardwalk > 1.2m High,data/citywide/images/573/100342/83596__AST_EX_20250617_121927.jpeg,Timber,,No,,12.0,Timber,1.25,medium (10-30m),standard (0.9-1.5m),
100342,AST_EX_20250617_121903.jpeg,83597,Boardwalk > 1.2m High,data/citywide/images/573/100342/83597__AST_EX_20250617_121903.jpeg,Timber,,No,,12.0,Timber,1.25,medium (10-30m),standard (0.9-1.5m),
100342,AST_EX_20250617_121832.jpeg,83598,Boardwalk > 1.2m High,data/citywide/images/573/100342/83598__AST_EX_20250617_121832.jpeg,Timber,,No,,12.0,Timber,1.25,medium (10-30m),standard (0.9-1.5m),
100342,AST_EX_20250617_121804.jpeg,83599,Boardwalk > 1.2m High,data/citywide/images/573/100342/83599__AST_EX_20250617_121804.jpeg,Timber,,No,,12.0,Timber,1.25,medium (10-30m),standard (0.9-1.5m),
100342,AST_EX_20250617_121744.jpeg,83600,Boardwalk > 1.2m High,data/citywide/images/573/100342/83600__AST_EX_20250617_121744.jpeg,Timber,,No,,12.0,Timber,1.25,medium (10-30m),standard (0.9-1.5m),
100344,AST_IM_20220601_130929.jpeg,44039,Boardwalk > 1.2m High,data/citywide/images/573/100344/44039__AST_IM_20220601_130929.jpeg,Timber,,Yes,,20.0,Aluminum,1.5,medium (10-30m),wide (>1.5m),
101550,AST_IM_20220610_122556.jpeg,45696,Boardwalk > 1.2m High,data/citywide/images/573/101550/45696__AST_IM_20220610_122556.jpeg,Timber,,No,No railings,5.0,,1.0,short (<10m),standard (0.9-1.5m),
102975,AST_IM_20220618_162322.jpeg,47644,Boardwalk > 1.2m High,data/citywide/images/573/102975/47644__AST_IM_20220618_162322.jpeg,Timber,,No,No railings,,Timber,1.0,,standard (0.9-1.5m),
103626,AST_IM_20220622_115150.jpeg,48406,Boardwalk > 1.2m High,data/citywide/images/573/103626/48406__AST_IM_20220622_115150.jpeg,Timber,,No,No railings,,,1.0,,standard (0.9-1.5m),
103626,AST_IM_20220622_115138.jpeg,48407,Boardwalk > 1.2m High,data/citywide/images/573/103626/48407__AST_IM_20220622_115138.jpeg,Timber,,No,No railings,,,1.0,,standard (0.9-1.5m),
103626,AST_IM_20220622_115119.jpeg,48408,Boardwalk > 1.2m High,data/citywide/images/573/103626/48408__AST_IM_20220622_115119.jpeg,Timber,,No,No railings,,,1.0,,standard (0.9-1.5m),
103725,AST_IM_20220623_105544.jpeg,48474,Boardwalk > 1.2m High,data/citywide/images/573/103725/48474__AST_IM_20220623_105544.jpeg,Timber,,No,No railings,4.8768,Timber,1.0,short (<10m),standard (0.9-1.5m),
104871,AST_IM_20220628_101012.jpeg,50113,Boardwalk > 1.2m High,data/citywide/images/573/104871/50113__AST_IM_20220628_101012.jpeg,Timber,,No,,10.0,Timber,3.0,medium (10-30m),wide (>1.5m),
106916,AST_IM_20220714_143329.jpeg,53987,Boardwalk > 1.2m High,data/citywide/images/573/106916/53987__AST_IM_20220714_143329.jpeg,Timber,,No,No railings,5.3,Timber,2.0,short (<10m),wide (>1.5m),
107014,AST_IM_20220715_120201.jpeg,54041,Boardwalk > 1.2m High,data/citywide/images/573/107014/54041__AST_IM_20220715_120201.jpeg,Timber,,No,,,Timber,1.5,,wide (>1.5m),
107014,AST_EX_20230310_143208.jpeg,64739,Boardwalk > 1.2m High,data/citywide/images/573/107014/64739__AST_EX_20230310_143208.jpeg,Timber,,No,,,Timber,1.5,,wide (>1.5m),
107055,AST_EX_20240803_102604.jpeg,72058,Boardwalk > 1.2m High,data/citywide/images/573/107055/72058__AST_EX_20240803_102604.jpeg,Timber,,No,No railings,8.0,Timber,1.0,short (<10m),standard (0.9-1.5m),
107064,AST_EX_20240803_082525.jpeg,72029,Boardwalk > 1.2m High,data/citywide/images/573/107064/72029__AST_EX_20240803_082525.jpeg,Timber,,No,No railings,2.0,Timber,1.0,short (<10m),standard (0.9-1.5m),
107070,AST_EX_20240803_115358.jpeg,71982,Boardwalk > 1.2m High,data/citywide/images/573/107070/71982__AST_EX_20240803_115358.jpeg,Timber,,No,No railings,,,1.0,,standard (0.9-1.5m),
107070,AST_EX_20240803_115503.jpeg,71984,Boardwalk > 1.2m High,data/citywide/images/573/107070/71984__AST_EX_20240803_115503.jpeg,Timber,,No,No railings,,,1.0,,standard (0.9-1.5m),
107070,AST_EX_20240803_115521.jpeg,71997,Boardwalk > 1.2m High,data/citywide/images/573/107070/71997__AST_EX_20240803_115521.jpeg,Timber,,No,No railings,,,1.0,,standard (0.9-1.5m),
107077,AST_EX_20240803_082257.jpeg,72009,Boardwalk > 1.2m High,data/citywide/images/573/107077/72009__AST_EX_20240803_082257.jpeg,Timber,,No,No railings,1.5,Timber,1.0,short (<10m),standard (0.9-1.5m),
108414,AST_EX_20240907_150124.jpeg,73347,Boardwalk > 1.2m High,data/citywide/images/573/108414/73347__AST_EX_20240907_150124.jpeg,Timber,,No,No railings,,Timber,1.0,,standard (0.9-1.5m),
109179,AST_IM_20220723_141246.jpeg,56749,Boardwalk > 1.2m High,data/citywide/images/573/109179/56749__AST_IM_20220723_141246.jpeg,Timber,,No,No railings,38.1,,1.0,long (>30m),standard (0.9-1.5m),
109179,AST_IM_20220723_141235.jpeg,56750,Boardwalk > 1.2m High,data/citywide/images/573/109179/56750__AST_IM_20220723_141235.jpeg,Timber,,No,No railings,38.1,,1.0,long (>30m),standard (0.9-1.5m),
109179,AST_IM_20220723_141220.jpeg,56763,Boardwalk > 1.2m High,data/citywide/images/573/109179/56763__AST_IM_20220723_141220.jpeg,Timber,,No,No railings,38.1,,1.0,long (>30m),standard (0.9-1.5m),
109180,AST_IM_20220722_160446.jpeg,56752,Boardwalk > 1.2m High,data/citywide/images/573/109180/56752__AST_IM_20220722_160446.jpeg,Timber,,No,No railings,9.144,,1.0,short (<10m),standard (0.9-1.5m),
109180,AST_IM_20220722_160435.jpeg,56756,Boardwalk > 1.2m High,data/citywide/images/573/109180/56756__AST_IM_20220722_160435.jpeg,Timber,,No,No railings,9.144,,1.0,short (<10m),standard (0.9-1.5m),
109180,AST_IM_20220722_160503.jpeg,56766,Boardwalk > 1.2m High,data/citywide/images/573/109180/56766__AST_IM_20220722_160503.jpeg,Timber,,No,No railings,9.144,,1.0,short (<10m),standard (0.9-1.5m),
109180,AST_IM_20220722_160427.jpeg,56771,Boardwalk > 1.2m High,data/citywide/images/573/109180/56771__AST_IM_20220722_160427.jpeg,Timber,,No,No railings,9.144,,1.0,short (<10m),standard (0.9-1.5m),
109181,AST_IM_20220722_151133.jpeg,56754,Boardwalk > 1.2m High,data/citywide/images/573/109181/56754__AST_IM_20220722_151133.jpeg,Timber,,No,No railings,12.0,,1.0,medium (10-30m),standard (0.9-1.5m),
109181,AST_IM_20220722_151204.jpeg,56760,Boardwalk > 1.2m High,data/citywide/images/573/109181/56760__AST_IM_20220722_151204.jpeg,Timber,,No,No railings,12.0,,1.0,medium (10-30m),standard (0.9-1.5m),
109181,AST_IM_20220722_151123.jpeg,56767,Boardwalk > 1.2m High,data/citywide/images/573/109181/56767__AST_IM_20220722_151123.jpeg,Timber,,No,No railings,12.0,,1.0,medium (10-30m),standard (0.9-1.5m),
109181,AST_IM_20220722_151157.jpeg,56770,Boardwalk > 1.2m High,data/citywide/images/573/109181/56770__AST_IM_20220722_151157.jpeg,Timber,,No,No railings,12.0,,1.0,medium (10-30m),standard (0.9-1.5m),
109182,AST_IM_20220722_120136.jpeg,56772,Boardwalk > 1.2m High,data/citywide/images/573/109182/56772__AST_IM_20220722_120136.jpeg,Timber,,No,No railings,4.572,,1.0,short (<10m),standard (0.9-1.5m),
109183,AST_IM_20220722_115812.jpeg,56775,Boardwalk > 1.2m High,data/citywide/images/573/109183/56775__AST_IM_20220722_115812.jpeg,Timber,,No,No railings,4.572,,1.2192,short (<10m),standard (0.9-1.5m),
109185,AST_IM_20220722_150111.jpeg,56757,Boardwalk > 1.2m High,data/citywide/images/573/109185/56757__AST_IM_20220722_150111.jpeg,Timber,,No,No railings,7.62,,1.0,short (<10m),standard (0.9-1.5m),
109185,AST_IM_20220722_150039.jpeg,56769,Boardwalk > 1.2m High,data/citywide/images/573/109185/56769__AST_IM_20220722_150039.jpeg,Timber,,No,No railings,7.62,,1.0,short (<10m),standard (0.9-1.5m),
109185,AST_IM_20220722_150123.jpeg,56778,Boardwalk > 1.2m High,data/citywide/images/573/109185/56778__AST_IM_20220722_150123.jpeg,Timber,,No,No railings,7.62,,1.0,short (<10m),standard (0.9-1.5m),
109185,AST_IM_20220722_150057.jpeg,56781,Boardwalk > 1.2m High,data/citywide/images/573/109185/56781__AST_IM_20220722_150057.jpeg,Timber,,No,No railings,7.62,,1.0,short (<10m),standard (0.9-1.5m),
109187,AST_IM_20220723_140110.jpeg,56755,Boardwalk > 1.2m High,data/citywide/images/573/109187/56755__AST_IM_20220723_140110.jpeg,Timber,,No,No railings,,,1.0,,standard (0.9-1.5m),
109187,AST_IM_20220723_140058.jpeg,56761,Boardwalk > 1.2m High,data/citywide/images/573/109187/56761__AST_IM_20220723_140058.jpeg,Timber,,No,No railings,,,1.0,,standard (0.9-1.5m),
109188,AST_IM_20220722_122331.jpeg,56758,Boardwalk > 1.2m High,data/citywide/images/573/109188/56758__AST_IM_20220722_122331.jpeg,Timber,,No,No railings,6.096,,1.2192,short (<10m),standard (0.9-1.5m),
109188,AST_IM_20220722_122319.jpeg,56784,Boardwalk > 1.2m High,data/citywide/images/573/109188/56784__AST_IM_20220722_122319.jpeg,Timber,,No,No railings,6.096,,1.2192,short (<10m),standard (0.9-1.5m),
109189,AST_IM_20220722_155921.jpeg,56768,Boardwalk > 1.2m High,data/citywide/images/573/109189/56768__AST_IM_20220722_155921.jpeg,Timber,,No,No railings,4.572,,1.0,short (<10m),standard (0.9-1.5m),
109621,AST_IM_20220731_155610.jpeg,57210,Boardwalk > 1.2m High,data/citywide/images/573/109621/57210__AST_IM_20220731_155610.jpeg,Timber,,Yes,No railings,8.0,Timber,1.0,short (<10m),standard (0.9-1.5m),
110256,AST_EX_20240622_125937.jpeg,69947,Boardwalk > 1.2m High,data/citywide/images/573/110256/69947__AST_EX_20240622_125937.jpeg,Timber,,No,No railings,,Timber,1.0,,standard (0.9-1.5m),
110257,AST_EX_20240623_142217.jpeg,69926,Boardwalk > 1.2m High,data/citywide/images/573/110257/69926__AST_EX_20240623_142217.jpeg,Timber,,No,No railings,,Timber,1.0,,standard (0.9-1.5m),
110257,MI_20240629_125429.jpg,70482,Boardwalk > 1.2m High,data/citywide/images/573/110257/70482__MI_20240629_125429.jpg,Timber,,No,No railings,,Timber,1.0,,standard (0.9-1.5m),
110257,AST_EX_20240801_100842.jpeg,72056,Boardwalk > 1.2m High,data/citywide/images/573/110257/72056__AST_EX_20240801_100842.jpeg,Timber,,No,No railings,,Timber,1.0,,standard (0.9-1.5m),
110276,AST_EX_20240623_142125.jpeg,69933,Boardwalk > 1.2m High,data/citywide/images/573/110276/69933__AST_EX_20240623_142125.jpeg,Timber,,No,No railings,,Timber,1.0,,standard (0.9-1.5m),
110276,MI_20240629_130033.jpg,70485,Boardwalk > 1.2m High,data/citywide/images/573/110276/70485__MI_20240629_130033.jpg,Timber,,No,No railings,,Timber,1.0,,standard (0.9-1.5m),
112068,AST_IM_20220815_112519.jpeg,60473,Boardwalk > 1.2m High,data/citywide/images/573/112068/60473__AST_IM_20220815_112519.jpeg,Timber,,No,No railings,,,1.0,,standard (0.9-1.5m),
114045,AST_IM_20220831_195800.jpeg,62431,Boardwalk > 1.2m High,data/citywide/images/573/114045/62431__AST_IM_20220831_195800.jpeg,Timber,,No,No railings,,Timber,1.0,,standard (0.9-1.5m),
114049,AST_IM_20220831_110614.jpeg,62437,Boardwalk > 1.2m High,data/citywide/images/573/114049/62437__AST_IM_20220831_110614.jpeg,Timber,,No,No railings,,,1.0,,standard (0.9-1.5m),
114049,AST_IM_20220831_110839.jpeg,62438,Boardwalk > 1.2m High,data/citywide/images/573/114049/62438__AST_IM_20220831_110839.jpeg,Timber,,No,No railings,,,1.0,,standard (0.9-1.5m),
114054,AST_IM_20220831_200813.jpeg,62430,Boardwalk > 1.2m High,data/citywide/images/573/114054/62430__AST_IM_20220831_200813.jpeg,Timber,,No,No railings,,,1.0,,standard (0.9-1.5m),
114056,AST_IM_20220831_143503.jpeg,62432,Boardwalk > 1.2m High,data/citywide/images/573/114056/62432__AST_IM_20220831_143503.jpeg,Timber,,No,No railings,,,1.0,,standard (0.9-1.5m),
114057,AST_IM_20220831_104531.jpeg,62443,Boardwalk > 1.2m High,data/citywide/images/573/114057/62443__AST_IM_20220831_104531.jpeg,Timber,,No,No railings,,,1.0,,standard (0.9-1.5m),
114060,AST_IM_20220831_195929.jpeg,62429,Boardwalk > 1.2m High,data/citywide/images/573/114060/62429__AST_IM_20220831_195929.jpeg,Timber,,No,No railings,,,1.0,,standard (0.9-1.5m),
114182,AST_EX_20240830_085536.jpeg,73151,Boardwalk > 1.2m High,data/citywide/images/573/114182/73151__AST_EX_20240830_085536.jpeg,Timber,,No,No railings,,Timber,1.0,,standard (0.9-1.5m),
114183,MI_20240830_092358.jpg,73196,Boardwalk > 1.2m High,data/citywide/images/573/114183/73196__MI_20240830_092358.jpg,Timber,,No,No railings,5.0,Timber,1.0,short (<10m),standard (0.9-1.5m),
114184,MI_20240830_165208.jpg,73248,Boardwalk > 1.2m High,data/citywide/images/573/114184/73248__MI_20240830_165208.jpg,Timber,,No,No railings,,Timber,1.0,,standard (0.9-1.5m),
114185,MI_20240830_164027.jpg,73259,Boardwalk > 1.2m High,data/citywide/images/573/114185/73259__MI_20240830_164027.jpg,Timber,,No,No railings,,Timber,1.0,,standard (0.9-1.5m),
114189,MI_20240830_164353.jpg,73260,Boardwalk > 1.2m High,data/citywide/images/573/114189/73260__MI_20240830_164353.jpg,Timber,,No,No railings,,Timber,1.0,,standard (0.9-1.5m),
114197,MI_20240829_101412.jpg,73206,Boardwalk > 1.2m High,data/citywide/images/573/114197/73206__MI_20240829_101412.jpg,Timber,,No,No railings,,Timber,1.0,,standard (0.9-1.5m),
114198,AST_EX_20240829_154633.jpeg,73165,Boardwalk > 1.2m High,data/citywide/images/573/114198/73165__AST_EX_20240829_154633.jpeg,Timber,,No,No railings,,Timber,1.0,,standard (0.9-1.5m),
114207,AST_EX_20240830_144308.jpeg,73142,Boardwalk > 1.2m High,data/citywide/images/573/114207/73142__AST_EX_20240830_144308.jpeg,Timber,,No,No railings,2.0,Timber,1.0,short (<10m),standard (0.9-1.5m),
114207,AST_EX_20240830_144554.jpeg,73145,Boardwalk > 1.2m High,data/citywide/images/573/114207/73145__AST_EX_20240830_144554.jpeg,Timber,,No,No railings,2.0,Timber,1.0,short (<10m),standard (0.9-1.5m),
114207,AST_EX_20240830_144603.jpeg,73161,Boardwalk > 1.2m High,data/citywide/images/573/114207/73161__AST_EX_20240830_144603.jpeg,Timber,,No,No railings,2.0,Timber,1.0,short (<10m),standard (0.9-1.5m),
114211,MI_20240831_164213.jpg,73240,Boardwalk > 1.2m High,data/citywide/images/573/114211/73240__MI_20240831_164213.jpg,Timber,,No,No railings,,Timber,1.0,,standard (0.9-1.5m),
114245,AST_EX_20240830_144901.jpeg,73163,Boardwalk > 1.2m High,data/citywide/images/573/114245/73163__AST_EX_20240830_144901.jpeg,Timber,,No,No railings,1.0,,1.0,short (<10m),standard (0.9-1.5m),
114247,AST_IM_20220903_125330.jpeg,62520,Boardwalk > 1.2m High,data/citywide/images/573/114247/62520__AST_IM_20220903_125330.jpeg,Timber,,No,No railings,,,1.0,,standard (0.9-1.5m),
114255,AST_EX_20241122_122926.jpeg,77710,Boardwalk > 1.2m High,data/citywide/images/573/114255/77710__AST_EX_20241122_122926.jpeg,Timber,,No,No railings,,Timber,1.0,,standard (0.9-1.5m),
114255,AST_EX_20241122_122942.jpeg,77711,Boardwalk > 1.2m High,data/citywide/images/573/114255/77711__AST_EX_20241122_122942.jpeg,Timber,,No,No railings,,Timber,1.0,,standard (0.9-1.5m),
114255,AST_EX_20241122_122909.jpeg,77712,Boardwalk > 1.2m High,data/citywide/images/573/114255/77712__AST_EX_20241122_122909.jpeg,Timber,,No,No railings,,Timber,1.0,,standard (0.9-1.5m),
114261,AST_EX_20240829_152745.jpeg,73137,Boardwalk > 1.2m High,data/citywide/images/573/114261/73137__AST_EX_20240829_152745.jpeg,Timber,,No,No railings,,Timber,1.0,,standard (0.9-1.5m),
114261,AST_EX_20240829_152752.jpeg,73169,Boardwalk > 1.2m High,data/citywide/images/573/114261/73169__AST_EX_20240829_152752.jpeg,Timber,,No,No railings,,Timber,1.0,,standard (0.9-1.5m),
114261,AST_EX_20240829_152655.jpeg,73172,Boardwalk > 1.2m High,data/citywide/images/573/114261/73172__AST_EX_20240829_152655.jpeg,Timber,,No,No railings,,Timber,1.0,,standard (0.9-1.5m),
114262,AST_EX_20240829_161811.jpeg,73158,Boardwalk > 1.2m High,data/citywide/images/573/114262/73158__AST_EX_20240829_161811.jpeg,Timber,,No,No railings,,Timber,1.0,,standard (0.9-1.5m),
114262,AST_EX_20240829_161821.jpeg,73162,Boardwalk > 1.2m High,data/citywide/images/573/114262/73162__AST_EX_20240829_161821.jpeg,Timber,,No,No railings,,Timber,1.0,,standard (0.9-1.5m),
114272,MI_20240829_102728.jpg,73253,Boardwalk > 1.2m High,data/citywide/images/573/114272/73253__MI_20240829_102728.jpg,Timber,,No,No railings,,Timber,1.0,,standard (0.9-1.5m),
114276,AST_IM_20220902_095819.jpeg,62526,Boardwalk > 1.2m High,data/citywide/images/573/114276/62526__AST_IM_20220902_095819.jpeg,Timber,,No,No railings,,Timber,1.0,,standard (0.9-1.5m),
114276,AST_EX_20240829_160007.jpeg,73136,Boardwalk > 1.2m High,data/citywide/images/573/114276/73136__AST_EX_20240829_160007.jpeg,Timber,,No,No railings,,Timber,1.0,,standard (0.9-1.5m),
114280,MI_20240829_102122.jpg,73224,Boardwalk > 1.2m High,data/citywide/images/573/114280/73224__MI_20240829_102122.jpg,Timber,,No,No railings,,Timber,1.0,,standard (0.9-1.5m),
114283,MI_20240830_162316.jpg,73256,Boardwalk > 1.2m High,data/citywide/images/573/114283/73256__MI_20240830_162316.jpg,Timber,,No,No railings,,Timber,1.0,,standard (0.9-1.5m),
115440,AST_IM_20220923_103725.jpeg,63533,Boardwalk > 1.2m High,data/citywide/images/573/115440/63533__AST_IM_20220923_103725.jpeg,Timber,,No,No railings,,Timber,1.0,,standard (0.9-1.5m),
115446,AST_IM_20220923_112231.jpeg,63526,Boardwalk > 1.2m High,data/citywide/images/573/115446/63526__AST_IM_20220923_112231.jpeg,Timber,0.5,No,No railings,,Timber,1.0,,standard (0.9-1.5m),medium (0.5-1.2m)
116552,IMG_4032.JPG,66922,Boardwalk > 1.2m High,data/citywide/images/573/116552/66922__IMG_4032.JPG,Timber,,No,No railings,,Timber,1.5,,wide (>1.5m),
117011,AST_IM_20220727_100919.jpeg,65023,Boardwalk > 1.2m High,data/citywide/images/573/117011/65023__AST_IM_20220727_100919.jpeg,Timber,,,,8.2,Timber,0.73,short (<10m),narrow (<0.9m),
117011,AST_EX_20230607_110148.jpeg,65053,Boardwalk > 1.2m High,data/citywide/images/573/117011/65053__AST_EX_20230607_110148.jpeg,Timber,,,,8.2,Timber,0.73,short (<10m),narrow (<0.9m),
117011,AST_EX_20230607_105936.jpeg,65054,Boardwalk > 1.2m High,data/citywide/images/573/117011/65054__AST_EX_20230607_105936.jpeg,Timber,,,,8.2,Timber,0.73,short (<10m),narrow (<0.9m),
117011,AST_EX_20230607_105854.jpeg,65055,Boardwalk > 1.2m High,data/citywide/images/573/117011/65055__AST_EX_20230607_105854.jpeg,Timber,,,,8.2,Timber,0.73,short (<10m),narrow (<0.9m),
117011,AST_EX_20230607_105823.jpeg,65056,Boardwalk > 1.2m High,data/citywide/images/573/117011/65056__AST_EX_20230607_105823.jpeg,Timber,,,,8.2,Timber,0.73,short (<10m),narrow (<0.9m),
117294,AST_IM_20230702_111329.jpeg,65512,Boardwalk > 1.2m High,data/citywide/images/573/117294/65512__AST_IM_20230702_111329.jpeg,Timber,,No,,,Timber,2.0,,wide (>1.5m),
117294,AST_IM_20230702_111127.jpeg,65514,Boardwalk > 1.2m High,data/citywide/images/573/117294/65514__AST_IM_20230702_111127.jpeg,Timber,,No,,,Timber,2.0,,wide (>1.5m),
117294,AST_IM_20230702_111211.jpeg,65516,Boardwalk > 1.2m High,data/citywide/images/573/117294/65516__AST_IM_20230702_111211.jpeg,Timber,,No,,,Timber,2.0,,wide (>1.5m),
117294,AST_IM_20230702_111305.jpeg,65520,Boardwalk > 1.2m High,data/citywide/images/573/117294/65520__AST_IM_20230702_111305.jpeg,Timber,,No,,,Timber,2.0,,wide (>1.5m),
117294,AST_EX_20250122_144450.jpeg,78573,Boardwalk > 1.2m High,data/citywide/images/573/117294/78573__AST_EX_20250122_144450.jpeg,Timber,,No,,,Timber,2.0,,wide (>1.5m),
117294,AST_EX_20250122_143052.jpeg,78574,Boardwalk > 1.2m High,data/citywide/images/573/117294/78574__AST_EX_20250122_143052.jpeg,Timber,,No,,,Timber,2.0,,wide (>1.5m),
117294,AST_EX_20250122_142957.jpeg,78575,Boardwalk > 1.2m High,data/citywide/images/573/117294/78575__AST_EX_20250122_142957.jpeg,Timber,,No,,,Timber,2.0,,wide (>1.5m),
117294,AST_EX_20250122_142945.jpeg,78576,Boardwalk > 1.2m High,data/citywide/images/573/117294/78576__AST_EX_20250122_142945.jpeg,Timber,,No,,,Timber,2.0,,wide (>1.5m),
117294,AST_EX_20250122_142755.jpeg,78578,Boardwalk > 1.2m High,data/citywide/images/573/117294/78578__AST_EX_20250122_142755.jpeg,Timber,,No,,,Timber,2.0,,wide (>1.5m),
117294,AST_EX_20250122_142812.jpeg,78579,Boardwalk > 1.2m High,data/citywide/images/573/117294/78579__AST_EX_20250122_142812.jpeg,Timber,,No,,,Timber,2.0,,wide (>1.5m),
117576,AST_IM_20230816_140207.jpeg,65810,Boardwalk > 1.2m High,data/citywide/images/573/117576/65810__AST_IM_20230816_140207.jpeg,Timber,,No,No railings,,Timber,0.5,,narrow (<0.9m),
117576,AST_EX_20240608_104858.jpeg,69891,Boardwalk > 1.2m High,data/citywide/images/573/117576/69891__AST_EX_20240608_104858.jpeg,Timber,,No,No railings,,Timber,0.5,,narrow (<0.9m),
117577,AST_IM_20230816_142653.jpeg,65809,Boardwalk > 1.2m High,data/citywide/images/573/117577/65809__AST_IM_20230816_142653.jpeg,Timber,,No,No railings,,Timber,1.0,,standard (0.9-1.5m),
117577,AST_EX_20240608_110543.jpeg,69880,Boardwalk > 1.2m High,data/citywide/images/573/117577/69880__AST_EX_20240608_110543.jpeg,Timber,,No,No railings,,Timber,1.0,,standard (0.9-1.5m),
118804,AST_IM_20231005_115854.jpeg,67330,Boardwalk > 1.2m High,data/citywide/images/573/118804/67330__AST_IM_20231005_115854.jpeg,Timber,,No,No railings,,Timber,0.5,,narrow (<0.9m),
118805,AST_IM_20231005_122437.jpeg,67339,Boardwalk > 1.2m High,data/citywide/images/573/118805/67339__AST_IM_20231005_122437.jpeg,Timber,,No,No railings,,Timber,1.0,,standard (0.9-1.5m),
118807,AST_IM_20231005_131853.jpeg,67341,Boardwalk > 1.2m High,data/citywide/images/573/118807/67341__AST_IM_20231005_131853.jpeg,Timber,,No,No railings,,Timber,0.3,,narrow (<0.9m),
121006,AST_IM_20240629_133957.jpeg,70262,Boardwalk > 1.2m High,data/citywide/images/573/121006/70262__AST_IM_20240629_133957.jpeg,Timber,,No,No railings,4.0,Timber,0.4,short (<10m),narrow (<0.9m),
121501,AST_IM_20240801_154341.jpeg,71874,Boardwalk > 1.2m High,data/citywide/images/573/121501/71874__AST_IM_20240801_154341.jpeg,Timber,,Yes,,25.0,Timber,2.0,medium (10-30m),wide (>1.5m),
121505,AST_IM_20240801_153009.jpeg,71876,Boardwalk > 1.2m High,data/citywide/images/573/121505/71876__AST_IM_20240801_153009.jpeg,Timber,1.5,Yes,,90.0,Timber,2.0,long (>30m),wide (>1.5m),high (>1.2m)
121505,AST_EX_20250707_104826.jpeg,84483,Boardwalk > 1.2m High,data/citywide/images/573/121505/84483__AST_EX_20250707_104826.jpeg,Timber,1.5,Yes,,90.0,Timber,2.0,long (>30m),wide (>1.5m),high (>1.2m)
122440,AST_IM_20240926_094604.jpeg,74691,Boardwalk > 1.2m High,data/citywide/images/573/122440/74691__AST_IM_20240926_094604.jpeg,Timber,,No,No railings,1.0,Timber,1.0,short (<10m),standard (0.9-1.5m),
122443,AST_IM_20240926_094502.jpeg,74692,Boardwalk > 1.2m High,data/citywide/images/573/122443/74692__AST_IM_20240926_094502.jpeg,Timber,,No,No railings,1.5,Timber,1.0,short (<10m),standard (0.9-1.5m),
126795,AST_IM_20250730_114227.jpeg,85653,Boardwalk > 1.2m High,data/citywide/images/573/126795/85653__AST_IM_20250730_114227.jpeg,Timber,1.2,No,No railings,4.1,Timber,1.0,short (<10m),standard (0.9-1.5m),high (>1.2m)
126795,AST_IM_20250730_114234.jpeg,85655,Boardwalk > 1.2m High,data/citywide/images/573/126795/85655__AST_IM_20250730_114234.jpeg,Timber,1.2,No,No railings,4.1,Timber,1.0,short (<10m),standard (0.9-1.5m),high (>1.2m)
127071,AST_IM_20250814_102040.jpeg,86534,Boardwalk > 1.2m High,data/citywide/images/573/127071/86534__AST_IM_20250814_102040.jpeg,Timber,1.0,No,No railings,5.0,Timber,1.0,short (<10m),standard (0.9-1.5m),medium (0.5-1.2m)
127074,AST_IM_20250814_102134.jpeg,86532,Boardwalk > 1.2m High,data/citywide/images/573/127074/86532__AST_IM_20250814_102134.jpeg,Timber,1.0,No,No railings,5.0,Timber,1.0,short (<10m),standard (0.9-1.5m),medium (0.5-1.2m)
127153,AST_IM_20250819_131014.jpeg,87020,Boardwalk > 1.2m High,data/citywide/images/573/127153/87020__AST_IM_20250819_131014.jpeg,Timber,1.2,No,No railings,56.0,Timber,1.2,long (>30m),standard (0.9-1.5m),high (>1.2m)
127153,AST_IM_20250819_131204.jpeg,87023,Boardwalk > 1.2m High,data/citywide/images/573/127153/87023__AST_IM_20250819_131204.jpeg,Timber,1.2,No,No railings,56.0,Timber,1.2,long (>30m),standard (0.9-1.5m),high (>1.2m)
127153,AST_IM_20250819_131146.jpeg,87028,Boardwalk > 1.2m High,data/citywide/images/573/127153/87028__AST_IM_20250819_131146.jpeg,Timber,1.2,No,No railings,56.0,Timber,1.2,long (>30m),standard (0.9-1.5m),high (>1.2m)
128018,AST_IM_20250921_133250.jpeg,90164,Boardwalk > 1.2m High,data/citywide/images/573/128018/90164__AST_IM_20250921_133250.jpeg,Timber,,No,No railings,,,,,,
128874,AST_IM_20251122_101331.jpeg,91014,Boardwalk > 1.2m High,data/citywide/images/573/128874/91014__AST_IM_20251122_101331.jpeg,Timber,1.2,No,No railings,3.5,Timber,1.0,short (<10m),standard (0.9-1.5m),high (>1.2m)
128876,AST_IM_20251122_104410.jpeg,91008,Boardwalk > 1.2m High,data/citywide/images/573/128876/91008__AST_IM_20251122_104410.jpeg,Timber,1.5,,1 railing,9.5,Timber,1.2,short (<10m),standard (0.9-1.5m),high (>1.2m)
128878,AST_IM_20251122_103839.jpeg,91010,Boardwalk > 1.2m High,data/citywide/images/573/128878/91010__AST_IM_20251122_103839.jpeg,Timber,2.0,No,,16.0,Timber,1.0,medium (10-30m),standard (0.9-1.5m),high (>1.2m)
128878,AST_IM_20251122_103816.jpeg,91011,Boardwalk > 1.2m High,data/citywide/images/573/128878/91011__AST_IM_20251122_103816.jpeg,Timber,2.0,No,,16.0,Timber,1.0,medium (10-30m),standard (0.9-1.5m),high (>1.2m)
128878,AST_IM_20251122_103756.jpeg,91012,Boardwalk > 1.2m High,data/citywide/images/573/128878/91012__AST_IM_20251122_103756.jpeg,Timber,2.0,No,,16.0,Timber,1.0,medium (10-30m),standard (0.9-1.5m),high (>1.2m)
128879,AST_IM_20251122_105002.jpeg,91006,Boardwalk > 1.2m High,data/citywide/images/573/128879/91006__AST_IM_20251122_105002.jpeg,Timber,1.5,No,,5.0,Timber,2.0,short (<10m),wide (>1.5m),high (>1.2m)
128880,AST_IM_20251122_104657.jpeg,91007,Boardwalk > 1.2m High,data/citywide/images/573/128880/91007__AST_IM_20251122_104657.jpeg,Timber,1.5,No,,14.0,Timber,1.0,medium (10-30m),standard (0.9-1.5m),high (>1.2m)
129397,MI_20251218_132605.jpg,92745,Boardwalk > 1.2m High,data/citywide/images/573/129397/92745__MI_20251218_132605.jpg,Timber,1.3,Yes,1 railing,65.0,Timber,1.7,long (>30m),wide (>1.5m),high (>1.2m)
129397,MI_20251218_132559.jpg,92752,Boardwalk > 1.2m High,data/citywide/images/573/129397/92752__MI_20251218_132559.jpg,Timber,1.3,Yes,1 railing,65.0,Timber,1.7,long (>30m),wide (>1.5m),high (>1.2m)
