asset_id,filename,file_id,profile_name,image_path,attr_decking_material,attr_fall_height,attr_has_edge_guard,attr_has_pedestrian_railing,attr_length,attr_structure_material,attr_structure_position,attr_width,length_bin,width_bin,fall_height_bin
46617,AST_EX_20210725_111644.jpeg,7988,Viewing Platform,data/citywide/images/359/46617/7988__AST_EX_20210725_111644.jpeg,Timber,,Yes,,,Timber,Elevated,1.5,,narrow (<3m),
46617,AST_EX_20210725_111635.jpeg,7989,Viewing Platform,data/citywide/images/359/46617/7989__AST_EX_20210725_111635.jpeg,Timber,,Yes,,,Timber,Elevated,1.5,,narrow (<3m),
46617,AST_EX_20210725_111619.jpeg,7990,Viewing Platform,data/citywide/images/359/46617/7990__AST_EX_20210725_111619.jpeg,Timber,,Yes,,,Timber,Elevated,1.5,,narrow (<3m),
46618,AST_EX_20210725_112331.jpeg,7978,Viewing Platform,data/citywide/images/359/46618/7978__AST_EX_20210725_112331.jpeg,Timber,,No,No railings,,,Elevated,,,,
46618,AST_EX_20210725_112313.jpeg,7980,Viewing Platform,data/citywide/images/359/46618/7980__AST_EX_20210725_112313.jpeg,Timber,,No,No railings,,,Elevated,,,,
46618,AST_EX_20210725_112318.jpeg,7979,Viewing Platform,data/citywide/images/359/46618/7979__AST_EX_20210725_112318.jpeg,Timber,,No,No railings,,,Elevated,,,,
46619,AST_EX_20210725_110941.jpeg,7992,Viewing Platform,data/citywide/images/359/46619/7992__AST_EX_20210725_110941.jpeg,Timber,1.0,Yes,,,Timber,Elevated,4.0,,medium (3-7m),low (<1.2m)
46619,AST_EX_20210725_110933.jpeg,7993,Viewing Platform,data/citywide/images/359/46619/7993__AST_EX_20210725_110933.jpeg,Timber,1.0,Yes,,,Timber,Elevated,4.0,,medium (3-7m),low (<1.2m)
46619,IMG_20251209_095207690.jpg,91813,Viewing Platform,data/citywide/images/359/46619/91813__IMG_20251209_095207690.jpg,Timber,1.0,Yes,,,Timber,Elevated,4.0,,medium (3-7m),low (<1.2m)
46619,IMG_20251209_095230538_HDR.jpg,91814,Viewing Platform,data/citywide/images/359/46619/91814__IMG_20251209_095230538_HDR.jpg,Timber,1.0,Yes,,,Timber,Elevated,4.0,,medium (3-7m),low (<1.2m)
46619,IMG_20251209_095236782.jpg,91812,Viewing Platform,data/citywide/images/359/46619/91812__IMG_20251209_095236782.jpg,Timber,1.0,Yes,,,Timber,Elevated,4.0,,medium (3-7m),low (<1.2m)
46730,AST_EX_20220804_114009.jpeg,57878,Viewing Platform,data/citywide/images/359/46730/57878__AST_EX_20220804_114009.jpeg,,,No,1 railing,,,Elevated,,,,
47055,AST_EX_20241022_112031.jpeg,75501,Viewing Platform,data/citywide/images/359/47055/75501__AST_EX_20241022_112031.jpeg,,,No,No railings,,,At-Grade,,,,
48252,AST_EX_20240704_173509.jpeg,70537,Viewing Platform,data/citywide/images/359/48252/70537__AST_EX_20240704_173509.jpeg,Timber,,,,,Timber,At-Grade,,,,
48252,AST_EX_20240704_173520.jpeg,70598,Viewing Platform,data/citywide/images/359/48252/70598__AST_EX_20240704_173520.jpeg,Timber,,,,,Timber,At-Grade,,,,
48297,AST_EX_20241015_143830.jpeg,75181,Viewing Platform,data/citywide/images/359/48297/75181__AST_EX_20241015_143830.jpeg,,,Yes,,,,Elevated,5.0,,medium (3-7m),
48700,AST_EX_20240607_161635.jpeg,69374,Viewing Platform,data/citywide/images/359/48700/69374__AST_EX_20240607_161635.jpeg,,,No,No railings,,,Elevated,,,,
48700,AST_EX_20210910_120900.jpeg,21321,Viewing Platform,data/citywide/images/359/48700/21321__AST_EX_20210910_120900.jpeg,,,No,No railings,,,Elevated,,,,
48800,AST_EX_20220622_155148.jpeg,48653,Viewing Platform,data/citywide/images/359/48800/48653__AST_EX_20220622_155148.jpeg,,,No,No railings,,,Elevated,,,,
50750,AST_EX_20240722_165515.jpeg,71132,Viewing Platform,data/citywide/images/359/50750/71132__AST_EX_20240722_165515.jpeg,,,No,No railings,,,Elevated,,,,
50627,AST_EX_20210804_112727.jpeg,10595,Viewing Platform,data/citywide/images/359/50627/10595__AST_EX_20210804_112727.jpeg,,,No,No railings,,,Elevated,,,,
50824,AST_EX_20221114_132526.jpeg,64063,Viewing Platform,data/citywide/images/359/50824/64063__AST_EX_20221114_132526.jpeg,,,Yes,,28.0,Timber,Elevated,1.0,large (>20m),narrow (<3m),
50824,AST_EX_20221114_132543.jpeg,64062,Viewing Platform,data/citywide/images/359/50824/64062__AST_EX_20221114_132543.jpeg,,,Yes,,28.0,Timber,Elevated,1.0,large (>20m),narrow (<3m),
51530,IMG_5762.JPG,18922,Viewing Platform,data/citywide/images/359/51530/18922__IMG_5762.JPG,Timber,,No,,,Aluminum,Elevated,4.6,,medium (3-7m),
50824,AST_EX_20221114_132503.jpeg,64064,Viewing Platform,data/citywide/images/359/50824/64064__AST_EX_20221114_132503.jpeg,,,Yes,,28.0,Timber,Elevated,1.0,large (>20m),narrow (<3m),
51530,IMG_5763.JPG,18923,Viewing Platform,data/citywide/images/359/51530/18923__IMG_5763.JPG,Timber,,No,,,Aluminum,Elevated,4.6,,medium (3-7m),
51530,IMG_5764.JPG,18925,Viewing Platform,data/citywide/images/359/51530/18925__IMG_5764.JPG,Timber,,No,,,Aluminum,Elevated,4.6,,medium (3-7m),
51530,IMG_5765.JPG,18924,Viewing Platform,data/citywide/images/359/51530/18924__IMG_5765.JPG,Timber,,No,,,Aluminum,Elevated,4.6,,medium (3-7m),
51530,IMG_5766.JPG,18926,Viewing Platform,data/citywide/images/359/51530/18926__IMG_5766.JPG,Timber,,No,,,Aluminum,Elevated,4.6,,medium (3-7m),
51530,IMG_5767.JPG,18927,Viewing Platform,data/citywide/images/359/51530/18927__IMG_5767.JPG,Timber,,No,,,Aluminum,Elevated,4.6,,medium (3-7m),
51549,AST_EX_20210820_124957.jpeg,16896,Viewing Platform,data/citywide/images/359/51549/16896__AST_EX_20210820_124957.jpeg,Steel,,No,No railings,,Steel,Elevated,6.7,,medium (3-7m),
51548,AST_EX_20210820_133535.jpeg,16891,Viewing Platform,data/citywide/images/359/51548/16891__AST_EX_20210820_133535.jpeg,Steel,,Yes,No railings,,Steel,Elevated,5.6,,medium (3-7m),
51550,IMG_0053.JPEG,78121,Viewing Platform,data/citywide/images/359/51550/78121__IMG_0053.JPEG,,,No,,,,Elevated,,,,
51549,AST_EX_20210820_124439.jpeg,16899,Viewing Platform,data/citywide/images/359/51549/16899__AST_EX_20210820_124439.jpeg,Steel,,No,No railings,,Steel,Elevated,6.7,,medium (3-7m),
51550,IMG_0054.JPEG,78122,Viewing Platform,data/citywide/images/359/51550/78122__IMG_0054.JPEG,,,No,,,,Elevated,,,,
51864,AST_EX_20220303_110436.jpeg,36398,Viewing Platform,data/citywide/images/359/51864/36398__AST_EX_20220303_110436.jpeg,Timber,,Yes,,,Steel,Elevated,5.0,,medium (3-7m),
51551,AST_EX_20220824_093217.jpeg,61176,Viewing Platform,data/citywide/images/359/51551/61176__AST_EX_20220824_093217.jpeg,Concrete,,Yes,No railings,,Concrete,Elevated,3.0,,medium (3-7m),
51864,AST_EX_20220303_110423.jpeg,36399,Viewing Platform,data/citywide/images/359/51864/36399__AST_EX_20220303_110423.jpeg,Timber,,Yes,,,Steel,Elevated,5.0,,medium (3-7m),
51864,AST_EX_20220303_110345.jpeg,36401,Viewing Platform,data/citywide/images/359/51864/36401__AST_EX_20220303_110345.jpeg,Timber,,Yes,,,Steel,Elevated,5.0,,medium (3-7m),
51864,AST_EX_20220303_110451.jpeg,36406,Viewing Platform,data/citywide/images/359/51864/36406__AST_EX_20220303_110451.jpeg,Timber,,Yes,,,Steel,Elevated,5.0,,medium (3-7m),
51864,AST_EX_20220303_110405.jpeg,36408,Viewing Platform,data/citywide/images/359/51864/36408__AST_EX_20220303_110405.jpeg,Timber,,Yes,,,Steel,Elevated,5.0,,medium (3-7m),
52073,IMG_8341.JPG,38978,Viewing Platform,data/citywide/images/359/52073/38978__IMG_8341.JPG,,,No,No railings,,,Elevated,,,,
52250,AST_EX_20220510_134526.jpeg,40560,Viewing Platform,data/citywide/images/359/52250/40560__AST_EX_20220510_134526.jpeg,Timber,,Yes,,10.0,Timber,At-Grade,,medium (10-20m),,
52250,AST_EX_20220510_134749.jpeg,40562,Viewing Platform,data/citywide/images/359/52250/40562__AST_EX_20220510_134749.jpeg,Timber,,Yes,,10.0,Timber,At-Grade,,medium (10-20m),,
52250,AST_EX_20220510_134428.jpeg,40572,Viewing Platform,data/citywide/images/359/52250/40572__AST_EX_20220510_134428.jpeg,Timber,,Yes,,10.0,Timber,At-Grade,,medium (10-20m),,
52250,AST_EX_20241016_125305.jpeg,75269,Viewing Platform,data/citywide/images/359/52250/75269__AST_EX_20241016_125305.jpeg,Timber,,Yes,,10.0,Timber,At-Grade,,medium (10-20m),,
52250,AST_EX_20241016_125256.jpeg,75273,Viewing Platform,data/citywide/images/359/52250/75273__AST_EX_20241016_125256.jpeg,Timber,,Yes,,10.0,Timber,At-Grade,,medium (10-20m),,
52669,AST_EX_20211014_112853.jpeg,27230,Viewing Platform,data/citywide/images/359/52669/27230__AST_EX_20211014_112853.jpeg,,,No,No railings,,,Elevated,,,,
52250,AST_EX_20241016_125249.jpeg,75270,Viewing Platform,data/citywide/images/359/52250/75270__AST_EX_20241016_125249.jpeg,Timber,,Yes,,10.0,Timber,At-Grade,,medium (10-20m),,
52669,AST_EX_20250609_164526.jpeg,83478,Viewing Platform,data/citywide/images/359/52669/83478__AST_EX_20250609_164526.jpeg,,,No,No railings,,,Elevated,,,,
53224,AST_EX_20220527_114604.jpeg,43213,Viewing Platform,data/citywide/images/359/53224/43213__AST_EX_20220527_114604.jpeg,,,No,No railings,,,Elevated,,,,
54072,AST_EX_20210829_125556.jpeg,19067,Viewing Platform,data/citywide/images/359/54072/19067__AST_EX_20210829_125556.jpeg,Timber,,No,No railings,,Timber,Elevated,,,,
54186,AST_EX_20250525_121817.jpeg,82696,Viewing Platform,data/citywide/images/359/54186/82696__AST_EX_20250525_121817.jpeg,Timber,,No,No railings,,Timber,Elevated,,,,
54209,AST_EX_20210507_124319.jpeg,157,Viewing Platform,data/citywide/images/359/54209/157__AST_EX_20210507_124319.jpeg,Timber,,No,,,Concrete,Elevated,3.76,,medium (3-7m),
54209,AST_EX_20210507_124302.jpeg,158,Viewing Platform,data/citywide/images/359/54209/158__AST_EX_20210507_124302.jpeg,Timber,,No,,,Concrete,Elevated,3.76,,medium (3-7m),
54338,AST_EX_20210826_115916.jpeg,18914,Viewing Platform,data/citywide/images/359/54338/18914__AST_EX_20210826_115916.jpeg,Timber,,No,,,Timber,Elevated,1.0,,narrow (<3m),
54507,AST_EX_20220324_141256.jpeg,37393,Viewing Platform,data/citywide/images/359/54507/37393__AST_EX_20220324_141256.jpeg,Concrete,,No,No railings,5.0,Concrete,At-Grade,5.0,small (<10m),medium (3-7m),
54209,AST_EX_20210507_124248.jpeg,159,Viewing Platform,data/citywide/images/359/54209/159__AST_EX_20210507_124248.jpeg,Timber,,No,,,Concrete,Elevated,3.76,,medium (3-7m),
55471,AST_EX_20220609_161111.jpeg,45652,Viewing Platform,data/citywide/images/359/55471/45652__AST_EX_20220609_161111.jpeg,Timber,,Yes,,,Steel,Elevated,1.5,,narrow (<3m),
55472,AST_EX_20220608_155724.jpeg,45387,Viewing Platform,data/citywide/images/359/55472/45387__AST_EX_20220608_155724.jpeg,,,No,No railings,,,Elevated,,,,
55471,AST_EX_20220609_161123.jpeg,45642,Viewing Platform,data/citywide/images/359/55471/45642__AST_EX_20220609_161123.jpeg,Timber,,Yes,,,Steel,Elevated,1.5,,narrow (<3m),
55472,AST_EX_20220608_155524.jpeg,45393,Viewing Platform,data/citywide/images/359/55472/45393__AST_EX_20220608_155524.jpeg,,,No,No railings,,,Elevated,,,,
55472,AST_EX_20220608_155638.jpeg,45392,Viewing Platform,data/citywide/images/359/55472/45392__AST_EX_20220608_155638.jpeg,,,No,No railings,,,Elevated,,,,
55472,AST_EX_20220608_155555.jpeg,45406,Viewing Platform,data/citywide/images/359/55472/45406__AST_EX_20220608_155555.jpeg,,,No,No railings,,,Elevated,,,,
55472,AST_EX_20220608_155510.jpeg,45398,Viewing Platform,data/citywide/images/359/55472/45398__AST_EX_20220608_155510.jpeg,,,No,No railings,,,Elevated,,,,
55472,AST_EX_20220608_155629.jpeg,45421,Viewing Platform,data/citywide/images/359/55472/45421__AST_EX_20220608_155629.jpeg,,,No,No railings,,,Elevated,,,,
55472,AST_EX_20250402_105434.jpeg,79559,Viewing Platform,data/citywide/images/359/55472/79559__AST_EX_20250402_105434.jpeg,,,No,No railings,,,Elevated,,,,
55472,AST_EX_20220608_155431.jpeg,45455,Viewing Platform,data/citywide/images/359/55472/45455__AST_EX_20220608_155431.jpeg,,,No,No railings,,,Elevated,,,,
55656,AST_EX_20220724_152249.jpeg,55639,Viewing Platform,data/citywide/images/359/55656/55639__AST_EX_20220724_152249.jpeg,Timber,,No,No railings,,Timber,Elevated,2.0,,narrow (<3m),
55656,AST_EX_20220724_152700.jpeg,55650,Viewing Platform,data/citywide/images/359/55656/55650__AST_EX_20220724_152700.jpeg,Timber,,No,No railings,,Timber,Elevated,2.0,,narrow (<3m),
55658,AST_EX_20210829_142900.jpeg,19180,Viewing Platform,data/citywide/images/359/55658/19180__AST_EX_20210829_142900.jpeg,,,No,No railings,,,,,,,
56218,MI_20210915_120352.jpg,22714,Viewing Platform,data/citywide/images/359/56218/22714__MI_20210915_120352.jpg,Timber,,No,,,Timber,Elevated,,,,
56218,MI_20210915_120400.jpg,22744,Viewing Platform,data/citywide/images/359/56218/22744__MI_20210915_120400.jpg,Timber,,No,,,Timber,Elevated,,,,
56218,AST_EX_20251019_160828.jpeg,89915,Viewing Platform,data/citywide/images/359/56218/89915__AST_EX_20251019_160828.jpeg,Timber,,No,,,Timber,Elevated,,,,
56218,AST_EX_20251019_160947.jpeg,89917,Viewing Platform,data/citywide/images/359/56218/89917__AST_EX_20251019_160947.jpeg,Timber,,No,,,Timber,Elevated,,,,
56218,AST_EX_20251019_160720.jpeg,89919,Viewing Platform,data/citywide/images/359/56218/89919__AST_EX_20251019_160720.jpeg,Timber,,No,,,Timber,Elevated,,,,
56218,AST_EX_20251019_160816.jpeg,89921,Viewing Platform,data/citywide/images/359/56218/89921__AST_EX_20251019_160816.jpeg,Timber,,No,,,Timber,Elevated,,,,
56692,AST_EX_20241105_130240.jpeg,76919,Viewing Platform,data/citywide/images/359/56692/76919__AST_EX_20241105_130240.jpeg,Timber,,No,,30.0,Timber,Elevated,1.8,large (>20m),narrow (<3m),
56692,AST_EX_20241105_125636.jpeg,76920,Viewing Platform,data/citywide/images/359/56692/76920__AST_EX_20241105_125636.jpeg,Timber,,No,,30.0,Timber,Elevated,1.8,large (>20m),narrow (<3m),
56692,AST_EX_20241105_125606.jpeg,76921,Viewing Platform,data/citywide/images/359/56692/76921__AST_EX_20241105_125606.jpeg,Timber,,No,,30.0,Timber,Elevated,1.8,large (>20m),narrow (<3m),
56692,AST_EX_20241105_125613.jpeg,76923,Viewing Platform,data/citywide/images/359/56692/76923__AST_EX_20241105_125613.jpeg,Timber,,No,,30.0,Timber,Elevated,1.8,large (>20m),narrow (<3m),
56692,AST_EX_20241105_125914.jpeg,76924,Viewing Platform,data/citywide/images/359/56692/76924__AST_EX_20241105_125914.jpeg,Timber,,No,,30.0,Timber,Elevated,1.8,large (>20m),narrow (<3m),
56692,AST_EX_20241105_125920.jpeg,76925,Viewing Platform,data/citywide/images/359/56692/76925__AST_EX_20241105_125920.jpeg,Timber,,No,,30.0,Timber,Elevated,1.8,large (>20m),narrow (<3m),
56692,AST_EX_20241105_125906.jpeg,76926,Viewing Platform,data/citywide/images/359/56692/76926__AST_EX_20241105_125906.jpeg,Timber,,No,,30.0,Timber,Elevated,1.8,large (>20m),narrow (<3m),
56692,AST_EX_20241105_125924.jpeg,76927,Viewing Platform,data/citywide/images/359/56692/76927__AST_EX_20241105_125924.jpeg,Timber,,No,,30.0,Timber,Elevated,1.8,large (>20m),narrow (<3m),
56785,sight 21.jpg,60082,Viewing Platform,data/citywide/images/359/56785/60082__sight_21.jpg,,,No,No railings,,,Elevated,,,,
56785,sight22.jpg,60083,Viewing Platform,data/citywide/images/359/56785/60083__sight22.jpg,,,No,No railings,,,Elevated,,,,
56785,sight23.jpg,60084,Viewing Platform,data/citywide/images/359/56785/60084__sight23.jpg,,,No,No railings,,,Elevated,,,,
56786,sight31.jpg,60085,Viewing Platform,data/citywide/images/359/56786/60085__sight31.jpg,Timber,,Yes,,,Timber,Elevated,,,,
56786,sight32.jpg,60086,Viewing Platform,data/citywide/images/359/56786/60086__sight32.jpg,Timber,,Yes,,,Timber,Elevated,,,,
56879,IMG_0696.JPG,21283,Viewing Platform,data/citywide/images/359/56879/21283__IMG_0696.JPG,,,No,No railings,,,At-Grade,,,,
56879,20241017_105539.jpg,76073,Viewing Platform,data/citywide/images/359/56879/76073__20241017_105539.jpg,,,No,No railings,,,At-Grade,,,,
57298,AST_EX_20220527_115210.jpeg,43300,Viewing Platform,data/citywide/images/359/57298/43300__AST_EX_20220527_115210.jpeg,Timber,,Yes,,,Timber,Elevated,8.0,,wide (>7m),
57298,AST_EX_20220527_123551.jpeg,43301,Viewing Platform,data/citywide/images/359/57298/43301__AST_EX_20220527_123551.jpeg,Timber,,Yes,,,Timber,Elevated,8.0,,wide (>7m),
57509,AST_EX_20210629_125025.jpeg,3074,Viewing Platform,data/citywide/images/359/57509/3074__AST_EX_20210629_125025.jpeg,Timber,,Yes,,,Timber,Elevated,13.0,,wide (>7m),
57509,AST_EX_20210629_124924.jpeg,3075,Viewing Platform,data/citywide/images/359/57509/3075__AST_EX_20210629_124924.jpeg,Timber,,Yes,,,Timber,Elevated,13.0,,wide (>7m),
57509,image.png,70072,Viewing Platform,data/citywide/images/359/57509/70072__image.png,Timber,,Yes,,,Timber,Elevated,13.0,,wide (>7m),
57509,image.png,70073,Viewing Platform,data/citywide/images/359/57509/70073__image.png,Timber,,Yes,,,Timber,Elevated,13.0,,wide (>7m),
57509,image.png,70074,Viewing Platform,data/citywide/images/359/57509/70074__image.png,Timber,,Yes,,,Timber,Elevated,13.0,,wide (>7m),
58183,AST_EX_20210715_120442.jpeg,6494,Viewing Platform,data/citywide/images/359/58183/6494__AST_EX_20210715_120442.jpeg,Timber,,Yes,,,Timber,Elevated,13.0,,wide (>7m),
58183,AST_EX_20210715_120427.jpeg,6495,Viewing Platform,data/citywide/images/359/58183/6495__AST_EX_20210715_120427.jpeg,Timber,,Yes,,,Timber,Elevated,13.0,,wide (>7m),
58829,AST_EX_20231214_122401.jpeg,67439,Viewing Platform,data/citywide/images/359/58829/67439__AST_EX_20231214_122401.jpeg,Timber,125.0,Yes,,,Timber,Elevated,3.0,,medium (3-7m),high (>15m)
58829,AST_EX_20241028_154517.jpeg,76452,Viewing Platform,data/citywide/images/359/58829/76452__AST_EX_20241028_154517.jpeg,Timber,125.0,Yes,,,Timber,Elevated,3.0,,medium (3-7m),high (>15m)
58829,AST_EX_20250707_091202.jpeg,84491,Viewing Platform,data/citywide/images/359/58829/84491__AST_EX_20250707_091202.jpeg,Timber,125.0,Yes,,,Timber,Elevated,3.0,,medium (3-7m),high (>15m)
59089,AST_EX_20220214_104436.jpeg,35849,Viewing Platform,data/citywide/images/359/59089/35849__AST_EX_20220214_104436.jpeg,,1.2,No,No railings,,,Elevated,,,,medium (1.2-15m)
60883,AST_EX_20210823_144348.jpeg,18039,Viewing Platform,data/citywide/images/359/60883/18039__AST_EX_20210823_144348.jpeg,Timber,,Yes,No railings,,Timber,Elevated,3.0,,medium (3-7m),
60962,AST_EX_20211002_121918.jpeg,25118,Viewing Platform,data/citywide/images/359/60962/25118__AST_EX_20211002_121918.jpeg,,,No,No railings,,,Elevated,,,,
60962,AST_EX_20220407_152337.jpeg,39003,Viewing Platform,data/citywide/images/359/60962/39003__AST_EX_20220407_152337.jpeg,,,No,No railings,,,Elevated,,,,
60962,AST_EX_20220407_152320.jpeg,39004,Viewing Platform,data/citywide/images/359/60962/39004__AST_EX_20220407_152320.jpeg,,,No,No railings,,,Elevated,,,,
60962,AST_EX_20220407_152300.jpeg,39005,Viewing Platform,data/citywide/images/359/60962/39005__AST_EX_20220407_152300.jpeg,,,No,No railings,,,Elevated,,,,
60963,AST_EX_20211002_121726.jpeg,25113,Viewing Platform,data/citywide/images/359/60963/25113__AST_EX_20211002_121726.jpeg,,,No,No railings,,,Elevated,,,,
60963,AST_EX_20220407_151054.jpeg,39009,Viewing Platform,data/citywide/images/359/60963/39009__AST_EX_20220407_151054.jpeg,,,No,No railings,,,Elevated,,,,
61424,AST_EX_20241024_121703.jpeg,75738,Viewing Platform,data/citywide/images/359/61424/75738__AST_EX_20241024_121703.jpeg,,,No,No railings,,,,10.0,,wide (>7m),
62340,AST_EX_20210625_110834.jpeg,2515,Viewing Platform,data/citywide/images/359/62340/2515__AST_EX_20210625_110834.jpeg,Concrete,,Yes,No railings,,Concrete,Elevated,,,,
62340,Image (10).jpg,87455,Viewing Platform,data/citywide/images/359/62340/87455__Image__10_.jpg,Concrete,,Yes,No railings,,Concrete,Elevated,,,,
62341,AST_EX_20210625_112058.jpeg,2517,Viewing Platform,data/citywide/images/359/62341/2517__AST_EX_20210625_112058.jpeg,Concrete,,Yes,No railings,,Concrete,Elevated,,,,
64463,AST_EX_20220823_101324.jpeg,60963,Viewing Platform,data/citywide/images/359/64463/60963__AST_EX_20220823_101324.jpeg,Timber,,No,No railings,,Timber,Elevated,,,,
64468,AST_EX_20220823_101607.jpeg,60962,Viewing Platform,data/citywide/images/359/64468/60962__AST_EX_20220823_101607.jpeg,Timber,,No,No railings,1.8,Timber,At-Grade,2.13,small (<10m),narrow (<3m),
66056,MI_20210907_132216.jpg,20068,Viewing Platform,data/citywide/images/359/66056/20068__MI_20210907_132216.jpg,Timber,,Yes,,,Timber,Elevated,4.6,,medium (3-7m),
66056,MI_20210907_132200.jpg,20080,Viewing Platform,data/citywide/images/359/66056/20080__MI_20210907_132200.jpg,Timber,,Yes,,,Timber,Elevated,4.6,,medium (3-7m),
66056,AST_EX_20220726_140615.jpeg,56451,Viewing Platform,data/citywide/images/359/66056/56451__AST_EX_20220726_140615.jpeg,Timber,,Yes,,,Timber,Elevated,4.6,,medium (3-7m),
66954,IMG_6788.jpg,74876,Viewing Platform,data/citywide/images/359/66954/74876__IMG_6788.jpg,Composite,,,,,Steel,Elevated,,,,
66954,IMG_6804.jpg,74877,Viewing Platform,data/citywide/images/359/66954/74877__IMG_6804.jpg,Composite,,,,,Steel,Elevated,,,,
66955,MI_20210803_163904.jpg,11008,Viewing Platform,data/citywide/images/359/66955/11008__MI_20210803_163904.jpg,Timber,,Yes,,,Timber,Elevated,8.5,,wide (>7m),
66956,MI_20210803_125548.jpg,11210,Viewing Platform,data/citywide/images/359/66956/11210__MI_20210803_125548.jpg,Timber,,Yes,,,Timber,Elevated,5.0,,medium (3-7m),
66957,MI_20210804_121232.jpg,11040,Viewing Platform,data/citywide/images/359/66957/11040__MI_20210804_121232.jpg,Timber,,Yes,,,Timber,Elevated,1.5,,narrow (<3m),
66959,MI_20210805_085719.jpg,11056,Viewing Platform,data/citywide/images/359/66959/11056__MI_20210805_085719.jpg,Timber,,Yes,,,Timber,Elevated,4.0,,medium (3-7m),
66960,MI_20210803_134800.jpg,11079,Viewing Platform,data/citywide/images/359/66960/11079__MI_20210803_134800.jpg,Timber,,Yes,,,Timber,Elevated,2.0,,narrow (<3m),
66960,processed-18A9FD84-2406-473F-BE3C-A5B8760C8593.jpeg,67940,Viewing Platform,data/citywide/images/359/66960/67940__processed-18A9FD84-2406-473F-BE3C-A5B8760C8593.jpeg,Timber,,Yes,,,Timber,Elevated,2.0,,narrow (<3m),
66960,processed-B2C34192-9965-4E5C-9B3A-B9C5716D3B6F.jpeg,67941,Viewing Platform,data/citywide/images/359/66960/67941__processed-B2C34192-9965-4E5C-9B3A-B9C5716D3B6F.jpeg,Timber,,Yes,,,Timber,Elevated,2.0,,narrow (<3m),
67795,AST_EX_20220325_143117.jpeg,37593,Viewing Platform,data/citywide/images/359/67795/37593__AST_EX_20220325_143117.jpeg,,,No,No railings,,,At-Grade,,,,
67796,AST_EX_20220324_145536.jpeg,37371,Viewing Platform,data/citywide/images/359/67796/37371__AST_EX_20220324_145536.jpeg,Concrete,,Yes,,,Concrete,At-Grade,,,,
68016,AST_EX_20210725_103041.jpeg,7958,Viewing Platform,data/citywide/images/359/68016/7958__AST_EX_20210725_103041.jpeg,Timber,,No,,,Timber,Elevated,3.0,,medium (3-7m),
68017,AST_EX_20210725_103448.jpeg,7929,Viewing Platform,data/citywide/images/359/68017/7929__AST_EX_20210725_103448.jpeg,Timber,,No,,,Timber,Elevated,3.5,,medium (3-7m),
68018,AST_EX_20210725_105318.jpeg,7933,Viewing Platform,data/citywide/images/359/68018/7933__AST_EX_20210725_105318.jpeg,Timber,,No,,,Timber,Elevated,1.0,,narrow (<3m),
68019,AST_EX_20210725_110037.jpeg,7940,Viewing Platform,data/citywide/images/359/68019/7940__AST_EX_20210725_110037.jpeg,Timber,,No,,,Timber,Elevated,2.0,,narrow (<3m),
68020,AST_EX_20210725_102501.jpeg,7968,Viewing Platform,data/citywide/images/359/68020/7968__AST_EX_20210725_102501.jpeg,Timber,,No,,,Timber,Elevated,3.0,,medium (3-7m),
68020,AST_EX_20210725_102451.jpeg,7969,Viewing Platform,data/citywide/images/359/68020/7969__AST_EX_20210725_102451.jpeg,Timber,,No,,,Timber,Elevated,3.0,,medium (3-7m),
68021,AST_EX_20210725_105833.jpeg,7997,Viewing Platform,data/citywide/images/359/68021/7997__AST_EX_20210725_105833.jpeg,Timber,,No,,,Timber,Elevated,4.0,,medium (3-7m),
68021,AST_EX_20210725_105731.jpeg,7998,Viewing Platform,data/citywide/images/359/68021/7998__AST_EX_20210725_105731.jpeg,Timber,,No,,,Timber,Elevated,4.0,,medium (3-7m),
68021,AST_EX_20210725_105714.jpeg,7999,Viewing Platform,data/citywide/images/359/68021/7999__AST_EX_20210725_105714.jpeg,Timber,,No,,,Timber,Elevated,4.0,,medium (3-7m),
71092,AST_EX_20220303_113701.jpeg,36394,Viewing Platform,data/citywide/images/359/71092/36394__AST_EX_20220303_113701.jpeg,,,No,No railings,,,Elevated,,,,
71092,AST_EX_20220303_113714.jpeg,36395,Viewing Platform,data/citywide/images/359/71092/36395__AST_EX_20220303_113714.jpeg,,,No,No railings,,,Elevated,,,,
71092,AST_EX_20220303_113641.jpeg,36396,Viewing Platform,data/citywide/images/359/71092/36396__AST_EX_20220303_113641.jpeg,,,No,No railings,,,Elevated,,,,
71092,AST_EX_20220303_113648.jpeg,36403,Viewing Platform,data/citywide/images/359/71092/36403__AST_EX_20220303_113648.jpeg,,,No,No railings,,,Elevated,,,,
71092,AST_EX_20220303_113632.jpeg,36412,Viewing Platform,data/citywide/images/359/71092/36412__AST_EX_20220303_113632.jpeg,,,No,No railings,,,Elevated,,,,
71174,IMG_8337.JPG,38977,Viewing Platform,data/citywide/images/359/71174/38977__IMG_8337.JPG,,,No,No railings,,,Elevated,,,,
71175,IMG_8338.JPG,38976,Viewing Platform,data/citywide/images/359/71175/38976__IMG_8338.JPG,,,No,No railings,,,Elevated,,,,
71175,PXL_20250517_213206140.jpg,82203,Viewing Platform,data/citywide/images/359/71175/82203__PXL_20250517_213206140.jpg,,,No,No railings,,,Elevated,,,,
74894,AST_EX_20231214_121609.jpeg,67451,Viewing Platform,data/citywide/images/359/74894/67451__AST_EX_20231214_121609.jpeg,Timber,20.0,Yes,,,Timber,Elevated,3.0,,medium (3-7m),high (>15m)
74894,AST_EX_20241028_153355.jpeg,76451,Viewing Platform,data/citywide/images/359/74894/76451__AST_EX_20241028_153355.jpeg,Timber,20.0,Yes,,,Timber,Elevated,3.0,,medium (3-7m),high (>15m)
74894,AST_EX_20250707_084834.jpeg,84486,Viewing Platform,data/citywide/images/359/74894/84486__AST_EX_20250707_084834.jpeg,Timber,20.0,Yes,,,Timber,Elevated,3.0,,medium (3-7m),high (>15m)
74895,AST_EX_20231214_124258.jpeg,67450,Viewing Platform,data/citywide/images/359/74895/67450__AST_EX_20231214_124258.jpeg,Timber,1.0,Yes,2 railings,,Timber,Elevated,3.0,,medium (3-7m),low (<1.2m)
74895,AST_EX_20241028_162133.jpeg,76448,Viewing Platform,data/citywide/images/359/74895/76448__AST_EX_20241028_162133.jpeg,Timber,1.0,Yes,2 railings,,Timber,Elevated,3.0,,medium (3-7m),low (<1.2m)
74895,AST_EX_20250707_101514.jpeg,84487,Viewing Platform,data/citywide/images/359/74895/84487__AST_EX_20250707_101514.jpeg,Timber,1.0,Yes,2 railings,,Timber,Elevated,3.0,,medium (3-7m),low (<1.2m)
74944,AST_EX_20220616_170442.jpeg,47333,Viewing Platform,data/citywide/images/359/74944/47333__AST_EX_20220616_170442.jpeg,Timber,,Yes,,,Concrete,Elevated,4.0,,medium (3-7m),
80994,AST_IM_20210611_124236.jpeg,833,Viewing Platform,data/citywide/images/359/80994/833__AST_IM_20210611_124236.jpeg,Timber,,Yes,,,Timber,Elevated,1.0,,narrow (<3m),
81279,MI_20210610_100420.jpg,5186,Viewing Platform,data/citywide/images/359/81279/5186__MI_20210610_100420.jpg,Timber,,No,,,Timber,Elevated,5.0,,medium (3-7m),
81279,MI_20210610_100427.jpg,5187,Viewing Platform,data/citywide/images/359/81279/5187__MI_20210610_100427.jpg,Timber,,No,,,Timber,Elevated,5.0,,medium (3-7m),
81279,MI_20210610_100549.jpg,5188,Viewing Platform,data/citywide/images/359/81279/5188__MI_20210610_100549.jpg,Timber,,No,,,Timber,Elevated,5.0,,medium (3-7m),
82850,AST_IM_20210711_103758.jpeg,5060,Viewing Platform,data/citywide/images/359/82850/5060__AST_IM_20210711_103758.jpeg,Timber,,Yes,,,Timber,Elevated,5.0,,medium (3-7m),
82850,AST_EX_20210823_115204.jpeg,17668,Viewing Platform,data/citywide/images/359/82850/17668__AST_EX_20210823_115204.jpeg,Timber,,Yes,,,Timber,Elevated,5.0,,medium (3-7m),
82850,AST_EX_20241015_145650.jpeg,75124,Viewing Platform,data/citywide/images/359/82850/75124__AST_EX_20241015_145650.jpeg,Timber,,Yes,,,Timber,Elevated,5.0,,medium (3-7m),
82850,AST_EX_20241015_150019.jpeg,75128,Viewing Platform,data/citywide/images/359/82850/75128__AST_EX_20241015_150019.jpeg,Timber,,Yes,,,Timber,Elevated,5.0,,medium (3-7m),
83431,AST_IM_20210723_134108.jpeg,7504,Viewing Platform,data/citywide/images/359/83431/7504__AST_IM_20210723_134108.jpeg,Timber,,Yes,,,Timber,Elevated,2.0,,narrow (<3m),
83431,MI_20220630_123633.jpg,51222,Viewing Platform,data/citywide/images/359/83431/51222__MI_20220630_123633.jpg,Timber,,Yes,,,Timber,Elevated,2.0,,narrow (<3m),
83431,AST_EX_20241126_140652.jpeg,77905,Viewing Platform,data/citywide/images/359/83431/77905__AST_EX_20241126_140652.jpeg,Timber,,Yes,,,Timber,Elevated,2.0,,narrow (<3m),
83719,AST_IM_20210728_122033.jpeg,8460,Viewing Platform,data/citywide/images/359/83719/8460__AST_IM_20210728_122033.jpeg,,,,,,,Elevated,,,,
83731,AST_IM_20210728_121328.jpeg,8472,Viewing Platform,data/citywide/images/359/83731/8472__AST_IM_20210728_121328.jpeg,,,,,,,Elevated,,,,
85037,MI_20210804_124516.jpg,11312,Viewing Platform,data/citywide/images/359/85037/11312__MI_20210804_124516.jpg,Timber,,Yes,,,Timber,Elevated,2.0,,narrow (<3m),
85146,AST_IM_20210804_160445.jpeg,11404,Viewing Platform,data/citywide/images/359/85146/11404__AST_IM_20210804_160445.jpeg,Timber,,Yes,,,Timber,Elevated,5.0,,medium (3-7m),
86580,AST_IM_20210812_110449.jpeg,14053,Viewing Platform,data/citywide/images/359/86580/14053__AST_IM_20210812_110449.jpeg,Steel,,Yes,,,Steel,Elevated,2.2,,narrow (<3m),
86580,AST_EX_20250812_115557.jpeg,86212,Viewing Platform,data/citywide/images/359/86580/86212__AST_EX_20250812_115557.jpeg,Steel,,Yes,,,Steel,Elevated,2.2,,narrow (<3m),
86580,AST_EX_20250812_115606.jpeg,86215,Viewing Platform,data/citywide/images/359/86580/86215__AST_EX_20250812_115606.jpeg,Steel,,Yes,,,Steel,Elevated,2.2,,narrow (<3m),
86580,AST_EX_20250812_115615.jpeg,86216,Viewing Platform,data/citywide/images/359/86580/86216__AST_EX_20250812_115615.jpeg,Steel,,Yes,,,Steel,Elevated,2.2,,narrow (<3m),
87775,AST_IM_20210823_122823.jpeg,18214,Viewing Platform,data/citywide/images/359/87775/18214__AST_IM_20210823_122823.jpeg,Composite,,No,,24.0,,At-Grade,7.0,large (>20m),wide (>7m),
87775,AST_EX_20220725_120810.jpeg,55742,Viewing Platform,data/citywide/images/359/87775/55742__AST_EX_20220725_120810.jpeg,Composite,,No,,24.0,,At-Grade,7.0,large (>20m),wide (>7m),
87775,AST_EX_20250810_111901.jpeg,85995,Viewing Platform,data/citywide/images/359/87775/85995__AST_EX_20250810_111901.jpeg,Composite,,No,,24.0,,At-Grade,7.0,large (>20m),wide (>7m),
87775,AST_EX_20250810_111908.jpeg,85996,Viewing Platform,data/citywide/images/359/87775/85996__AST_EX_20250810_111908.jpeg,Composite,,No,,24.0,,At-Grade,7.0,large (>20m),wide (>7m),
55472,AST_EX_20250402_105427.jpeg,79560,Viewing Platform,data/citywide/images/359/55472/79560__AST_EX_20250402_105427.jpeg,,,No,No railings,,,Elevated,,,,
90699,AST_EX_20230729_184611.jpeg,65628,Viewing Platform,data/citywide/images/359/90699/65628__AST_EX_20230729_184611.jpeg,Timber,1.0,Yes,,,Timber,Elevated,3.0,,medium (3-7m),low (<1.2m)
90699,AST_EX_20241113_142905.jpeg,77418,Viewing Platform,data/citywide/images/359/90699/77418__AST_EX_20241113_142905.jpeg,Timber,1.0,Yes,,,Timber,Elevated,3.0,,medium (3-7m),low (<1.2m)
97887,AST_IM_20220413_115758.jpeg,39288,Viewing Platform,data/citywide/images/359/97887/39288__AST_IM_20220413_115758.jpeg,Timber,,No,,2.0,Timber,At-Grade,2.0,small (<10m),narrow (<3m),
97887,AST_EX_20231025_114253.jpeg,66784,Viewing Platform,data/citywide/images/359/97887/66784__AST_EX_20231025_114253.jpeg,Timber,,No,,2.0,Timber,At-Grade,2.0,small (<10m),narrow (<3m),
100150,AST_IM_20220529_143250.jpeg,43576,Viewing Platform,data/citywide/images/359/100150/43576__AST_IM_20220529_143250.jpeg,Timber,1.5,No,,,Timber,Elevated,4.0,,medium (3-7m),medium (1.2-15m)
100150,AST_IM_20220529_143232.jpeg,43584,Viewing Platform,data/citywide/images/359/100150/43584__AST_IM_20220529_143232.jpeg,Timber,1.5,No,,,Timber,Elevated,4.0,,medium (3-7m),medium (1.2-15m)
100150,AST_EX_20250107_134049.jpeg,78260,Viewing Platform,data/citywide/images/359/100150/78260__AST_EX_20250107_134049.jpeg,Timber,1.5,No,,,Timber,Elevated,4.0,,medium (3-7m),medium (1.2-15m)
100150,AST_EX_20250107_134124.jpeg,78261,Viewing Platform,data/citywide/images/359/100150/78261__AST_EX_20250107_134124.jpeg,Timber,1.5,No,,,Timber,Elevated,4.0,,medium (3-7m),medium (1.2-15m)
100150,AST_EX_20250107_134151.jpeg,78262,Viewing Platform,data/citywide/images/359/100150/78262__AST_EX_20250107_134151.jpeg,Timber,1.5,No,,,Timber,Elevated,4.0,,medium (3-7m),medium (1.2-15m)
100150,AST_EX_20250107_134311.jpeg,78263,Viewing Platform,data/citywide/images/359/100150/78263__AST_EX_20250107_134311.jpeg,Timber,1.5,No,,,Timber,Elevated,4.0,,medium (3-7m),medium (1.2-15m)
100150,AST_EX_20250107_133932.jpeg,78264,Viewing Platform,data/citywide/images/359/100150/78264__AST_EX_20250107_133932.jpeg,Timber,1.5,No,,,Timber,Elevated,4.0,,medium (3-7m),medium (1.2-15m)
100150,AST_EX_20250107_133914.jpeg,78267,Viewing Platform,data/citywide/images/359/100150/78267__AST_EX_20250107_133914.jpeg,Timber,1.5,No,,,Timber,Elevated,4.0,,medium (3-7m),medium (1.2-15m)
100150,AST_EX_20250107_134031.jpeg,78270,Viewing Platform,data/citywide/images/359/100150/78270__AST_EX_20250107_134031.jpeg,Timber,1.5,No,,,Timber,Elevated,4.0,,medium (3-7m),medium (1.2-15m)
105832,AST_IM_20220705_113910.jpeg,51864,Viewing Platform,data/citywide/images/359/105832/51864__AST_IM_20220705_113910.jpeg,,,No,No railings,,,Elevated,1.0,,narrow (<3m),
105832,AST_IM_20220705_113923.jpeg,51879,Viewing Platform,data/citywide/images/359/105832/51879__AST_IM_20220705_113923.jpeg,,,No,No railings,,,Elevated,1.0,,narrow (<3m),
110166,AST_IM_20220806_150404.jpeg,58150,Viewing Platform,data/citywide/images/359/110166/58150__AST_IM_20220806_150404.jpeg,,,No,No railings,,,Elevated,1.0,,narrow (<3m),
111784,AST_IM_20220808_150757.jpeg,59683,Viewing Platform,data/citywide/images/359/111784/59683__AST_IM_20220808_150757.jpeg,Timber,,No,No railings,,Timber,Elevated,3.6,,medium (3-7m),
112357,AST_IM_20220713_092645.jpeg,60583,Viewing Platform,data/citywide/images/359/112357/60583__AST_IM_20220713_092645.jpeg,,,No,,,Timber,Elevated,4.0,,medium (3-7m),
112357,AST_IM_20220713_092659.jpeg,60600,Viewing Platform,data/citywide/images/359/112357/60600__AST_IM_20220713_092659.jpeg,,,No,,,Timber,Elevated,4.0,,medium (3-7m),
112418,AST_IM_20220712_101434.jpeg,60567,Viewing Platform,data/citywide/images/359/112418/60567__AST_IM_20220712_101434.jpeg,,,,,,,Elevated,,,,
112418,AST_IM_20220712_101347.jpeg,60615,Viewing Platform,data/citywide/images/359/112418/60615__AST_IM_20220712_101347.jpeg,,,,,,,Elevated,,,,
112418,AST_IM_20220712_101445.jpeg,60626,Viewing Platform,data/citywide/images/359/112418/60626__AST_IM_20220712_101445.jpeg,,,,,,,Elevated,,,,
113948,AST_IM_20220901_130755.jpeg,62328,Viewing Platform,data/citywide/images/359/113948/62328__AST_IM_20220901_130755.jpeg,Timber,,No,,,Timber,Elevated,4.0,,medium (3-7m),
113948,AST_IM_20220901_130622.jpeg,62336,Viewing Platform,data/citywide/images/359/113948/62336__AST_IM_20220901_130622.jpeg,Timber,,No,,,Timber,Elevated,4.0,,medium (3-7m),
113948,AST_IM_20220901_130558.jpeg,62337,Viewing Platform,data/citywide/images/359/113948/62337__AST_IM_20220901_130558.jpeg,Timber,,No,,,Timber,Elevated,4.0,,medium (3-7m),
117398,20230722_122912.jpg,67311,Viewing Platform,data/citywide/images/359/117398/67311__20230722_122912.jpg,Timber,0.25,No,,,Timber,At-Grade,5.0,,medium (3-7m),low (<1.2m)
117398,20230722_122924.jpg,67312,Viewing Platform,data/citywide/images/359/117398/67312__20230722_122924.jpg,Timber,0.25,No,,,Timber,At-Grade,5.0,,medium (3-7m),low (<1.2m)
117398,20230722_123001.jpg,67313,Viewing Platform,data/citywide/images/359/117398/67313__20230722_123001.jpg,Timber,0.25,No,,,Timber,At-Grade,5.0,,medium (3-7m),low (<1.2m)
117398,IMG_0342.JPG,67314,Viewing Platform,data/citywide/images/359/117398/67314__IMG_0342.JPG,Timber,0.25,No,,,Timber,At-Grade,5.0,,medium (3-7m),low (<1.2m)
117398,IMG_5462.JPG,67315,Viewing Platform,data/citywide/images/359/117398/67315__IMG_5462.JPG,Timber,0.25,No,,,Timber,At-Grade,5.0,,medium (3-7m),low (<1.2m)
117710,AST_IM_20230902_123408.jpeg,65969,Viewing Platform,data/citywide/images/359/117710/65969__AST_IM_20230902_123408.jpeg,,,,,,,At-Grade,,,,
121455,AST_IM_20240728_145209.jpeg,71719,Viewing Platform,data/citywide/images/359/121455/71719__AST_IM_20240728_145209.jpeg,Timber,,Yes,,,,Elevated,2.0,,narrow (<3m),
122778,AST_IM_20241016_132215.jpeg,75743,Viewing Platform,data/citywide/images/359/122778/75743__AST_IM_20241016_132215.jpeg,Timber,,Yes,,,Timber,Elevated,,,,
123389,Gitwinksihlkw Viewing Platform.jpg,77613,Viewing Platform,data/citywide/images/359/123389/77613__Gitwinksihlkw_Viewing_Platform.jpg,Timber,,Yes,,,,Elevated,,,,
123389,AST_EX_20250918_123812.jpeg,88342,Viewing Platform,data/citywide/images/359/123389/88342__AST_EX_20250918_123812.jpeg,Timber,,Yes,,,,Elevated,,,,
123582,AST_EX_20250425_125347.jpeg,80440,Viewing Platform,data/citywide/images/359/123582/80440__AST_EX_20250425_125347.jpeg,Timber,,No,,,Timber,Elevated,4.5,,medium (3-7m),
123582,AST_EX_20250425_125324.jpeg,80443,Viewing Platform,data/citywide/images/359/123582/80443__AST_EX_20250425_125324.jpeg,Timber,,No,,,Timber,Elevated,4.5,,medium (3-7m),
123582,AST_EX_20250425_125302.jpeg,80444,Viewing Platform,data/citywide/images/359/123582/80444__AST_EX_20250425_125302.jpeg,Timber,,No,,,Timber,Elevated,4.5,,medium (3-7m),
123598,1000020657.jpg,77961,Viewing Platform,data/citywide/images/359/123598/77961__1000020657.jpg,,1.0,Yes,,,Stone,Elevated,3.0,,medium (3-7m),low (<1.2m)
123598,1000020659.jpg,77962,Viewing Platform,data/citywide/images/359/123598/77962__1000020659.jpg,,1.0,Yes,,,Stone,Elevated,3.0,,medium (3-7m),low (<1.2m)
123598,1000020655.jpg,77963,Viewing Platform,data/citywide/images/359/123598/77963__1000020655.jpg,,1.0,Yes,,,Stone,Elevated,3.0,,medium (3-7m),low (<1.2m)
123598,1000020661.jpg,77964,Viewing Platform,data/citywide/images/359/123598/77964__1000020661.jpg,,1.0,Yes,,,Stone,Elevated,3.0,,medium (3-7m),low (<1.2m)
126292,LadyFallsViewingPlatform.jpg,83818,Viewing Platform,data/citywide/images/359/126292/83818__LadyFallsViewingPlatform.jpg,Timber,,,,,Aluminum,Elevated,3.0,,medium (3-7m),
127557,AST_IM_20250918_121449.jpeg,88327,Viewing Platform,data/citywide/images/359/127557/88327__AST_IM_20250918_121449.jpeg,,,,1 railing,,,At-Grade,,,,
129405,Spahats Falls (17).jpg,92436,Viewing Platform,data/citywide/images/359/129405/92436__Spahats_Falls__17_.jpg,Composite,,,,,Steel,,,,,
129405,Spahats Falls (16).jpg,92437,Viewing Platform,data/citywide/images/359/129405/92437__Spahats_Falls__16_.jpg,Composite,,,,,Steel,,,,,
90699,AST_IM_20210926_100429.jpeg,24260,Viewing Platform,data/citywide/images/359/90699/24260__AST_IM_20210926_100429.jpeg,Timber,1.0,Yes,,,Timber,Elevated,3.0,,medium (3-7m),low (<1.2m)
55472,AST_EX_20250402_105417.jpeg,79561,Viewing Platform,data/citywide/images/359/55472/79561__AST_EX_20250402_105417.jpeg,,,No,No railings,,,Elevated,,,,
